decision_id	packet_id	packet_item_id	comparison_id	comparison_row_sha256	reviewer_a_review_id	reviewer_a_row_sha256	reviewer_b_review_id	reviewer_b_row_sha256	parent_dual_review_manifest_sha256	packet_manifest_sha256	batch_id	screen_id	gene_symbol	disposition	validation_event_id	validation_event_row_sha256	followup_roster_status	adjudicator_name	adjudicator_id	adjudicator_affiliation	adjudicated_date	source_evidence_reviewed_attested	independent_human_decision_attested	reviewer_identity_independence_attested	model_outputs_unseen_attested	no_automated_label_assignment_attested	conflict_of_interest_declared	conflict_of_interest_notes	evidence_source_locator	decision_rationale
orcs-2.0.18-batch-001-adjudication-v1:item:8ad58684fa59b12713b3297c49e5e210d79df3d7cda7adfe1dfeb4ddd9064dcf:decision:v1	orcs-2.0.18-batch-001-adjudication-v1	orcs-2.0.18-batch-001-adjudication-v1:item:8ad58684fa59b12713b3297c49e5e210d79df3d7cda7adfe1dfeb4ddd9064dcf	orcs-2.0.18-batch-001:review-comparison:sha256:b1a1c737dfc5426ab394ca4f27f12b2ed1a4c83b60e752ad4f4ad606c7a8fdf6	bf132724830482f198ca9f77cef0de9728e4e4af97d7cc2736919da08ab75dcb	orcs:2.0.18:full-text-review:screen:1:v1	43541cbe6adcad2ac7a892fa48d11d4a85c9d3942061d31f0e655d8239932311	orcs:2.0.18:full-text-review:screen:1:v2	ed3bd85244e36ab5ab68773e5c7851acb954a802360aeabd91649d534dc6fd93	4482acfaf1b9670d4e7c5e2dfa65cdf98ce6b24a69995ca7ebe34ff0abed2bf8		orcs-2.0.18-batch-001	orcs:2.0.18:screen:1	CDK6																	
orcs-2.0.18-batch-001-adjudication-v1:item:5324850d5614a5550aaf60c5cd071b7ca50649ed163763cea56d1879dabb26c4:decision:v1	orcs-2.0.18-batch-001-adjudication-v1	orcs-2.0.18-batch-001-adjudication-v1:item:5324850d5614a5550aaf60c5cd071b7ca50649ed163763cea56d1879dabb26c4	orcs-2.0.18-batch-001:review-comparison:sha256:3f67c93c0d792dc8ccb3d93c8a2f3d102203c699a608668fe404cdafbba4111f	8d1c192101b6ef0875079048249f3a2ad60df89f4343a0a205315afd02e0caad	orcs:2.0.18:full-text-review:screen:1:v1	43541cbe6adcad2ac7a892fa48d11d4a85c9d3942061d31f0e655d8239932311	orcs:2.0.18:full-text-review:screen:1:v2	ed3bd85244e36ab5ab68773e5c7851acb954a802360aeabd91649d534dc6fd93	4482acfaf1b9670d4e7c5e2dfa65cdf98ce6b24a69995ca7ebe34ff0abed2bf8		orcs-2.0.18-batch-001	orcs:2.0.18:screen:1	TOP2A																	
orcs-2.0.18-batch-001-adjudication-v1:item:6815d85bcdbf935504c20d38d1887e50cf3241e8764dd5492cc783cd8515f16e:decision:v1	orcs-2.0.18-batch-001-adjudication-v1	orcs-2.0.18-batch-001-adjudication-v1:item:6815d85bcdbf935504c20d38d1887e50cf3241e8764dd5492cc783cd8515f16e	orcs-2.0.18-batch-001:review-comparison:sha256:61f1183b08effe58423bc1f70fb43ab11d9a328c9c7cde2b5b7fc284e03cdde0	d4fdd7e31a33185d15130d15c05bd5de2361d6b8de4ffb493b4675e7f2cfef9b	orcs:2.0.18:full-text-review:screen:1153:v1	ebbb5cfd7aab0d282a8f0369c4e63b964a0f8ff3e559080e34e9793a85969c0f	orcs:2.0.18:full-text-review:screen:1153:v2	2880a8752d808249060139c1c7c61ff2979b55ebb524b7325ece67362d5e6a9d	4482acfaf1b9670d4e7c5e2dfa65cdf98ce6b24a69995ca7ebe34ff0abed2bf8		orcs-2.0.18-batch-001	orcs:2.0.18:screen:1153	COQ10B																	
orcs-2.0.18-batch-001-adjudication-v1:item:31e3e9899218cc251ee4f736b8fae51fa4b6f4c316f1f7e3acc6ac6e9d5eadaa:decision:v1	orcs-2.0.18-batch-001-adjudication-v1	orcs-2.0.18-batch-001-adjudication-v1:item:31e3e9899218cc251ee4f736b8fae51fa4b6f4c316f1f7e3acc6ac6e9d5eadaa	orcs-2.0.18-batch-001:review-comparison:sha256:389b550beee2a5c2a75753b68b4b6b836e1b5fa890a2086df5fbfca9f2109369	953fd7a22deb514fa4fd8507256155304dcf1e8edea76f7997f666c1b640c735	orcs:2.0.18:full-text-review:screen:1153:v1	ebbb5cfd7aab0d282a8f0369c4e63b964a0f8ff3e559080e34e9793a85969c0f	orcs:2.0.18:full-text-review:screen:1153:v2	2880a8752d808249060139c1c7c61ff2979b55ebb524b7325ece67362d5e6a9d	4482acfaf1b9670d4e7c5e2dfa65cdf98ce6b24a69995ca7ebe34ff0abed2bf8		orcs-2.0.18-batch-001	orcs:2.0.18:screen:1153	COQ9																	
orcs-2.0.18-batch-001-adjudication-v1:item:f5cb5f619d70d2d98a117a9001d0d3b5a5399ae3b5c99813b91e29b228ee7aea:decision:v1	orcs-2.0.18-batch-001-adjudication-v1	orcs-2.0.18-batch-001-adjudication-v1:item:f5cb5f619d70d2d98a117a9001d0d3b5a5399ae3b5c99813b91e29b228ee7aea	orcs-2.0.18-batch-001:review-comparison:sha256:8d3167668e534d8c81dd61b8f6024160467cb2d918ecbd3c60070befc64b3350	3a17e3b3e18b61a2893383bcdf0d34ed21203a50d98d496cf7d99541034c2bdb	orcs:2.0.18:full-text-review:screen:1153:v1	ebbb5cfd7aab0d282a8f0369c4e63b964a0f8ff3e559080e34e9793a85969c0f	orcs:2.0.18:full-text-review:screen:1153:v2	2880a8752d808249060139c1c7c61ff2979b55ebb524b7325ece67362d5e6a9d	4482acfaf1b9670d4e7c5e2dfa65cdf98ce6b24a69995ca7ebe34ff0abed2bf8		orcs-2.0.18-batch-001	orcs:2.0.18:screen:1153	DEPDC5																	
orcs-2.0.18-batch-001-adjudication-v1:item:4ca529d3a0c63330afb2a324e98fce7ff8836302bd1988f1703167bbebf0f8e6:decision:v1	orcs-2.0.18-batch-001-adjudication-v1	orcs-2.0.18-batch-001-adjudication-v1:item:4ca529d3a0c63330afb2a324e98fce7ff8836302bd1988f1703167bbebf0f8e6	orcs-2.0.18-batch-001:review-comparison:sha256:c74ae3275427becd00273e2c0952439c7a3ccf0bfe0f7a97c33b8e461e1ed4d9	852be4f1aa9515d8d5a3fb5d8308e3c772712847da4f830f8414d428d4245918	orcs:2.0.18:full-text-review:screen:1153:v1	ebbb5cfd7aab0d282a8f0369c4e63b964a0f8ff3e559080e34e9793a85969c0f	orcs:2.0.18:full-text-review:screen:1153:v2	2880a8752d808249060139c1c7c61ff2979b55ebb524b7325ece67362d5e6a9d	4482acfaf1b9670d4e7c5e2dfa65cdf98ce6b24a69995ca7ebe34ff0abed2bf8		orcs-2.0.18-batch-001	orcs:2.0.18:screen:1153	NPRL2																	
orcs-2.0.18-batch-001-adjudication-v1:item:c300aa08d9bd3f091a2660a6f9a3044bb67e4f66126a041857f72d2879a1507f:decision:v1	orcs-2.0.18-batch-001-adjudication-v1	orcs-2.0.18-batch-001-adjudication-v1:item:c300aa08d9bd3f091a2660a6f9a3044bb67e4f66126a041857f72d2879a1507f	orcs-2.0.18-batch-001:review-comparison:sha256:9d054ad11609a08a396b4c9a1208e7215323d83bcdc8b897aaa53ed42c3b8f2a	9be1b6d5cfdd6a396b69eedd2664c3f82cab4e4ae33e8c68f457b87303368699	orcs:2.0.18:full-text-review:screen:1153:v1	ebbb5cfd7aab0d282a8f0369c4e63b964a0f8ff3e559080e34e9793a85969c0f	orcs:2.0.18:full-text-review:screen:1153:v2	2880a8752d808249060139c1c7c61ff2979b55ebb524b7325ece67362d5e6a9d	4482acfaf1b9670d4e7c5e2dfa65cdf98ce6b24a69995ca7ebe34ff0abed2bf8		orcs-2.0.18-batch-001	orcs:2.0.18:screen:1153	PDSS2																	
orcs-2.0.18-batch-001-adjudication-v1:item:b05bd02048eeb2bc6e1d903e3fb43ae5d04193ec1f05e3e99786e953fecc1fa3:decision:v1	orcs-2.0.18-batch-001-adjudication-v1	orcs-2.0.18-batch-001-adjudication-v1:item:b05bd02048eeb2bc6e1d903e3fb43ae5d04193ec1f05e3e99786e953fecc1fa3	orcs-2.0.18-batch-001:review-comparison:sha256:f53d166d0670b99a4fa5fadf3c6e97711f095b4f76777248e896359e4812a872	4fc1884a277aa4bdf405baa16cb1588c94e51b8d746b4508cc0bd3076c3213df	orcs:2.0.18:full-text-review:screen:85:v1	e3f0f9188c49b2271e67395e3ed15a6443d5fc62e0053ca594cd430d1172b006	orcs:2.0.18:full-text-review:screen:85:v2	f39152e0696a2c1a5950dc68d28c0b5a0b456e70fcbd645af402dd2d290a9d04	4482acfaf1b9670d4e7c5e2dfa65cdf98ce6b24a69995ca7ebe34ff0abed2bf8		orcs-2.0.18-batch-001	orcs:2.0.18:screen:85	KEAP1																	
orcs-2.0.18-batch-001-adjudication-v1:item:0a352bd7bce40c8ce98cb67b92d11c7c382997aa2bcee35f894ee3c3215f451c:decision:v1	orcs-2.0.18-batch-001-adjudication-v1	orcs-2.0.18-batch-001-adjudication-v1:item:0a352bd7bce40c8ce98cb67b92d11c7c382997aa2bcee35f894ee3c3215f451c	orcs-2.0.18-batch-001:review-comparison:sha256:7d76d2d487db2b3466402cef0360259bfc285e2de0316790032eec447065eada	a3934c0e2151df103d45449845d5d2be7ff61092f075a0229bf45e6b49ef1062	orcs:2.0.18:full-text-review:screen:85:v1	e3f0f9188c49b2271e67395e3ed15a6443d5fc62e0053ca594cd430d1172b006	orcs:2.0.18:full-text-review:screen:85:v2	f39152e0696a2c1a5950dc68d28c0b5a0b456e70fcbd645af402dd2d290a9d04	4482acfaf1b9670d4e7c5e2dfa65cdf98ce6b24a69995ca7ebe34ff0abed2bf8		orcs-2.0.18-batch-001	orcs:2.0.18:screen:85	NFE2L2																	
orcs-2.0.18-batch-001-adjudication-v1:item:3f051e4cf9308c9a308d9e24f9d67d0d596f61e7b81e01a0dbf3771131f83f82:decision:v1	orcs-2.0.18-batch-001-adjudication-v1	orcs-2.0.18-batch-001-adjudication-v1:item:3f051e4cf9308c9a308d9e24f9d67d0d596f61e7b81e01a0dbf3771131f83f82	orcs-2.0.18-batch-001:review-comparison:sha256:d3eef39130871cf5fa0e62410c4a54aad04f9c3aac7d07c4eb02e8e1927c6934	2a0e4b6b8a92a0dc8fb0f1ba8935d529c565d1d08a45d588806fcca8d2db5b76	orcs:2.0.18:full-text-review:screen:2169:v1	3ca690cf61a8ba6080b7a4705b4946249ee5df646e2f6acf53bc34f76350b1f3	orcs:2.0.18:full-text-review:screen:2169:v2	35f03e308502644b8d21653b1ea9244b61267df02578d8ca6ee87d259f4ba570	4482acfaf1b9670d4e7c5e2dfa65cdf98ce6b24a69995ca7ebe34ff0abed2bf8		orcs-2.0.18-batch-001	orcs:2.0.18:screen:2169	CIC																	
orcs-2.0.18-batch-001-adjudication-v1:item:f4212351cac8931b30206cca8ddf3d8d6b0a028b364a8cac93271e40c1ea91cf:decision:v1	orcs-2.0.18-batch-001-adjudication-v1	orcs-2.0.18-batch-001-adjudication-v1:item:f4212351cac8931b30206cca8ddf3d8d6b0a028b364a8cac93271e40c1ea91cf	orcs-2.0.18-batch-001:review-comparison:sha256:8f78ef326ad0d2707f6a37e005d6e8340b3d072c6ebceca2a4e905602325b68b	f39339347bb4600f3cd9d0f9a0a3d46c92b42a07ea4187fc0018668cbfca75e8	orcs:2.0.18:full-text-review:screen:2169:v1	3ca690cf61a8ba6080b7a4705b4946249ee5df646e2f6acf53bc34f76350b1f3	orcs:2.0.18:full-text-review:screen:2169:v2	35f03e308502644b8d21653b1ea9244b61267df02578d8ca6ee87d259f4ba570	4482acfaf1b9670d4e7c5e2dfa65cdf98ce6b24a69995ca7ebe34ff0abed2bf8		orcs-2.0.18-batch-001	orcs:2.0.18:screen:2169	PBRM1																	
orcs-2.0.18-batch-001-adjudication-v1:item:b022afc748219acf7d9494c61be9face1574f074f773fa5c27a43c53a1facb8a:decision:v1	orcs-2.0.18-batch-001-adjudication-v1	orcs-2.0.18-batch-001-adjudication-v1:item:b022afc748219acf7d9494c61be9face1574f074f773fa5c27a43c53a1facb8a	orcs-2.0.18-batch-001:review-comparison:sha256:1a0ac201b3cb9639f25844a9449631738db6da3d3c44618c37f4743ad03acbe5	0136c4f5c5d2e0a7dce2be69ac7c13909d648407cf0794fa6b8077b5d68efc17	orcs:2.0.18:full-text-review:screen:1348:v1	a38bd427c1ef95ca46649c7e2dc3a991622fd8cbacff6a3d73bbb4247fff6640	orcs:2.0.18:full-text-review:screen:1348:v2	31672389f6ebc105012853e98f234edf2d0d909d6f33cfa744179d38ddcc5a62	4482acfaf1b9670d4e7c5e2dfa65cdf98ce6b24a69995ca7ebe34ff0abed2bf8		orcs-2.0.18-batch-001	orcs:2.0.18:screen:1348	RNASEH2A																	
orcs-2.0.18-batch-001-adjudication-v1:item:484b9a71e75b2ad242a118bb0aa0ee43903cde173a96b55ea658ffca48bba4db:decision:v1	orcs-2.0.18-batch-001-adjudication-v1	orcs-2.0.18-batch-001-adjudication-v1:item:484b9a71e75b2ad242a118bb0aa0ee43903cde173a96b55ea658ffca48bba4db	orcs-2.0.18-batch-001:review-comparison:sha256:bda5f42a50fdd71fe100267b940c78a5a039b686b9a96376025b12409470d474	9ccd1107e90bc142e978ffbe3f6a2e9ee09c2f5acd3f34fb169ed88cdc5ee20f	orcs:2.0.18:full-text-review:screen:1348:v1	a38bd427c1ef95ca46649c7e2dc3a991622fd8cbacff6a3d73bbb4247fff6640	orcs:2.0.18:full-text-review:screen:1348:v2	31672389f6ebc105012853e98f234edf2d0d909d6f33cfa744179d38ddcc5a62	4482acfaf1b9670d4e7c5e2dfa65cdf98ce6b24a69995ca7ebe34ff0abed2bf8		orcs-2.0.18-batch-001	orcs:2.0.18:screen:1348	RNASEH2B																	
orcs-2.0.18-batch-001-adjudication-v1:item:f1b3666dd0d4d91dcfc9a1ff254262510468b412f2fc6c0ccf5d893247bb4817:decision:v1	orcs-2.0.18-batch-001-adjudication-v1	orcs-2.0.18-batch-001-adjudication-v1:item:f1b3666dd0d4d91dcfc9a1ff254262510468b412f2fc6c0ccf5d893247bb4817	orcs-2.0.18-batch-001:review-comparison:sha256:7c5c998ef1efd2563f0c942e8d6ea97dd6f0d630f4e95a496022322c67d81dbb	89980649ce50b557cd4f69b1ad430faa1a23c3458cfec38cec4420ec742e009a	orcs:2.0.18:full-text-review:screen:632:v1	dae6719778c625a6714001ed226ce71dbcca70e0407ca4d757133f225d703dbf	orcs:2.0.18:full-text-review:screen:632:v2	2014437f5e841a7c4476959adaaf6f83b197222ca0ef8f7e4244168684238ae7	4482acfaf1b9670d4e7c5e2dfa65cdf98ce6b24a69995ca7ebe34ff0abed2bf8		orcs-2.0.18-batch-001	orcs:2.0.18:screen:632	RB1																	
orcs-2.0.18-batch-001-adjudication-v1:item:3b7df90172143b68178e63c099b4ff92c73fd023493b26fbfdefe5ef668ebcca:decision:v1	orcs-2.0.18-batch-001-adjudication-v1	orcs-2.0.18-batch-001-adjudication-v1:item:3b7df90172143b68178e63c099b4ff92c73fd023493b26fbfdefe5ef668ebcca	orcs-2.0.18-batch-001:review-comparison:sha256:7427aa42e393a25193e893fad534b5fd39b335eadf4db414f0aff29af77fb454	4151c94e9cdc71c1cbcd59655a3a0f946a99112cbc45cc2b5e9e7e721459435c	orcs:2.0.18:full-text-review:screen:1291:v1	1593405fdf2d2092ce8633fb6b8db8ce7ea62d1798de8835d7b9cb69a8f3ab5d	orcs:2.0.18:full-text-review:screen:1291:v2	ed32386037610fb301684fa13ac0116045f774dcaef2a0b18c09cec8765dc28e	4482acfaf1b9670d4e7c5e2dfa65cdf98ce6b24a69995ca7ebe34ff0abed2bf8		orcs-2.0.18-batch-001	orcs:2.0.18:screen:1291	SHLD1																	
orcs-2.0.18-batch-001-adjudication-v1:item:d54833eda55042a977af7dbd40bc38287dcc173229e8b955c2e98d761540ee7f:decision:v1	orcs-2.0.18-batch-001-adjudication-v1	orcs-2.0.18-batch-001-adjudication-v1:item:d54833eda55042a977af7dbd40bc38287dcc173229e8b955c2e98d761540ee7f	orcs-2.0.18-batch-001:review-comparison:sha256:f35f497fb56ab5597e903fb334135342140ddbea559bf23ff36f4caf74dbff1f	db8a3c6d7b54f96781a0c65370b8c1ba94cc6f40e983b522eadab5627ea1d2b0	orcs:2.0.18:full-text-review:screen:1705:v1	a3da3d37e5b08be9f186542f6e1e62f8bfdaafbf304f0573838f945564668414	orcs:2.0.18:full-text-review:screen:1705:v2	2453db8af87e8fa2ca293758a3f9e81cab96a7a5cb30f6bf0bc0c8c4cbb7c4ef	4482acfaf1b9670d4e7c5e2dfa65cdf98ce6b24a69995ca7ebe34ff0abed2bf8		orcs-2.0.18-batch-001	orcs:2.0.18:screen:1705	MSH2																	
orcs-2.0.18-batch-001-adjudication-v1:item:26e777ff3eb607926d1d86d9da8aa1cddc6c75d6a2c9abac3e77be9f1b386f99:decision:v1	orcs-2.0.18-batch-001-adjudication-v1	orcs-2.0.18-batch-001-adjudication-v1:item:26e777ff3eb607926d1d86d9da8aa1cddc6c75d6a2c9abac3e77be9f1b386f99	orcs-2.0.18-batch-001:review-comparison:sha256:12d14b6e248d520f8d5fe421ce153436b02371d90152c3746b6a145a739b47cb	1e69a7e3b2e0c0377a118605dfc734bc1b68dc9bc4fe973468d2550b01872880	orcs:2.0.18:full-text-review:screen:1110:v1	a6681ab560d573631840e3551af5e807350fbfbd8fd38086e62c3f85cf90d9c8	orcs:2.0.18:full-text-review:screen:1110:v2	5e24dfe8bb0feb36ffc43feb2b3a1ce0c7522dba7205b7655a52bba7562253fa	4482acfaf1b9670d4e7c5e2dfa65cdf98ce6b24a69995ca7ebe34ff0abed2bf8		orcs-2.0.18-batch-001	orcs:2.0.18:screen:1110	ADORA2A																	
orcs-2.0.18-batch-001-adjudication-v1:item:6660fffa18803e46e8d92ab20e1570853054bb915c7eb3cce75b08952d72ed36:decision:v1	orcs-2.0.18-batch-001-adjudication-v1	orcs-2.0.18-batch-001-adjudication-v1:item:6660fffa18803e46e8d92ab20e1570853054bb915c7eb3cce75b08952d72ed36	orcs-2.0.18-batch-001:review-comparison:sha256:6c63eec41cb2c4f59ed8ef79a83719c983bb3f844f58df40e401a6d0d0260966	867205b3741b7eb2311e0948ac7b1a5f46d55fd8648d0c14a0de83d8409c8f0d	orcs:2.0.18:full-text-review:screen:1110:v1	a6681ab560d573631840e3551af5e807350fbfbd8fd38086e62c3f85cf90d9c8	orcs:2.0.18:full-text-review:screen:1110:v2	5e24dfe8bb0feb36ffc43feb2b3a1ce0c7522dba7205b7655a52bba7562253fa	4482acfaf1b9670d4e7c5e2dfa65cdf98ce6b24a69995ca7ebe34ff0abed2bf8		orcs-2.0.18-batch-001	orcs:2.0.18:screen:1110	FAM105A																	
orcs-2.0.18-batch-001-adjudication-v1:item:4baab6dfc89cb9653096082c0694e73199d9792b80e052d208bbd677c7817f0c:decision:v1	orcs-2.0.18-batch-001-adjudication-v1	orcs-2.0.18-batch-001-adjudication-v1:item:4baab6dfc89cb9653096082c0694e73199d9792b80e052d208bbd677c7817f0c	orcs-2.0.18-batch-001:review-comparison:sha256:b8a474c3afeda5c75f252a0b8ef5bb70001e9b1df0cfccd6c77ff643280eb672	6be45cc979240d9c310ff649e461135f32449a2f26d4996bf832a3848a633b2f	orcs:2.0.18:full-text-review:screen:2440:v1	bfaf68d0a393f17c2de8f7634d2513b78f5943eb5a0309fcbf2f8fa9b7914c2d	orcs:2.0.18:full-text-review:screen:2440:v2	d73474a34e7c8a3f8ae3c2184a73813b14d3658d218e6aabc172ae462e3be020	4482acfaf1b9670d4e7c5e2dfa65cdf98ce6b24a69995ca7ebe34ff0abed2bf8		orcs-2.0.18-batch-001	orcs:2.0.18:screen:2440	RNASEH2A																	
orcs-2.0.18-batch-001-adjudication-v1:item:2797c35da5fbf8168e429c4065ddc512bd4892678f7e3631d47df9e954215599:decision:v1	orcs-2.0.18-batch-001-adjudication-v1	orcs-2.0.18-batch-001-adjudication-v1:item:2797c35da5fbf8168e429c4065ddc512bd4892678f7e3631d47df9e954215599	orcs-2.0.18-batch-001:review-comparison:sha256:f6747fc4aca3a1a27024e976b829a7f9fb1a584a9b4e5441a7c2f8c3593e29ca	9e66c283c7c501560165767e21416264d58f69f69b95775a31de07ee67aaff21	orcs:2.0.18:full-text-review:screen:2440:v1	bfaf68d0a393f17c2de8f7634d2513b78f5943eb5a0309fcbf2f8fa9b7914c2d	orcs:2.0.18:full-text-review:screen:2440:v2	d73474a34e7c8a3f8ae3c2184a73813b14d3658d218e6aabc172ae462e3be020	4482acfaf1b9670d4e7c5e2dfa65cdf98ce6b24a69995ca7ebe34ff0abed2bf8		orcs-2.0.18-batch-001	orcs:2.0.18:screen:2440	RNASEH2B																	
